{
  "Ansi 6 Color" : {
    "Green Component" : 0.76862746477127075,
    "Red Component" : 0.55686277151107788,
    "Blue Component" : 0.23921568691730499
  },
  "Ansi 12 Color" : {
    "Green Component" : 0.64705884456634521,
    "Red Component" : 0.26274511218070984,
    "Blue Component" : 0.83529412746429443
  },
  "Tags" : [

  ],
  "Use Non-ASCII Font" : false,
  "Normal Font" : "SFMono-Regular 15",
  "Bold Color" : {
    "Green Component" : 0.80784314870834351,
    "Red Component" : 0.7921568751335144,
    "Blue Component" : 0.80392158031463623
  },
  "Ansi 3 Color" : {
    "Green Component" : 0.7764706015586853,
    "Red Component" : 0.87843137979507446,
    "Blue Component" : 0.30980393290519714
  },
  "Ansi 4 Color" : {
    "Green Component" : 0.64705884456634521,
    "Red Component" : 0.26274511218070984,
    "Blue Component" : 0.83529412746429443
  },
  "Ansi 5 Color" : {
    "Green Component" : 0.34117648005485535,
    "Red Component" : 0.54509806632995605,
    "Blue Component" : 0.70980393886566162
  },
  "Default Bookmark" : "No",
  "Rows" : 24,
  "Cursor Guide Color" : {
    "Red Component" : 0.70213186740875244,
    "Color Space" : "sRGB",
    "Blue Component" : 1,
    "Alpha Component" : 0.02399935787671233,
    "Green Component" : 0.9268307089805603
  },
  "Non-ASCII Anti Aliased" : true,
  "Use Bright Bold" : true,
  "Ansi 10 Color" : {
    "Green Component" : 0.76862746477127075,
    "Red Component" : 0.55686277151107788,
    "Blue Component" : 0.23921568691730499
  },
  "Prevent Opening in a Tab" : false,
  "Use Cursor Guide" : true,
  "Ambiguous Double Width" : false,
  "Jobs to Ignore" : [
    "rlogin",
    "ssh",
    "slogin",
    "telnet"
  ],
  "Ansi 15 Color" : {
    "Green Component" : 1,
    "Red Component" : 1,
    "Blue Component" : 1
  },
  "Foreground Color" : {
    "Red Component" : 0.83050864934921265,
    "Color Space" : "sRGB",
    "Blue Component" : 0.84071868658065796,
    "Alpha Component" : 1,
    "Green Component" : 0.84363311529159546
  },
  "Working Directory" : "\/Users\/nick",
  "Blinking Cursor" : false,
  "Disable Window Resizing" : true,
  "Prompt Before Closing 2" : false,
  "Description" : "Default",
  "BM Growl" : true,
  "Command" : "",
  "Mouse Reporting" : true,
  "Smart Cursor Color" : true,
  "Sync Title" : false,
  "Screen" : -1,
  "Selection Color" : {
    "Green Component" : 0.19607843458652496,
    "Red Component" : 0.18823529779911041,
    "Blue Component" : 0.20000000298023224
  },
  "Columns" : 80,
  "Idle Code" : 0,
  "Only The Default BG Color Uses Transparency" : true,
  "Ansi 13 Color" : {
    "Green Component" : 0.34117648005485535,
    "Red Component" : 0.54509806632995605,
    "Blue Component" : 0.70980393886566162
  },
  "Custom Command" : "No",
  "ASCII Anti Aliased" : true,
  "Non Ascii Font" : "Monaco 12",
  "Background Color" : {
    "Green Component" : 0.070588238537311554,
    "Red Component" : 0.066666670143604279,
    "Blue Component" : 0.074509806931018829
  },
  "Use Bold Font" : true,
  "Option Key Sends" : 0,
  "Selected Text Color" : {
    "Green Component" : 0.80784314870834351,
    "Red Component" : 0.7921568751335144,
    "Blue Component" : 0.80392158031463623
  },
  "Vertical Spacing" : 1.1896531438253013,
  "Character Encoding" : 4,
  "Ansi 11 Color" : {
    "Green Component" : 0.7764706015586853,
    "Red Component" : 0.87843137979507446,
    "Blue Component" : 0.30980393290519714
  },
  "Thin Strokes" : 0,
  "Use Italic Font" : true,
  "Unlimited Scrollback" : true,
  "Keyboard Map" : {
    "0xf700-0x260000" : {
      "Text" : "[1;6A",
      "Action" : 10
    },
    "0x37-0x40000" : {
      "Text" : "0x1f",
      "Action" : 11
    },
    "0x32-0x40000" : {
      "Text" : "0x00",
      "Action" : 11
    },
    "0xf709-0x20000" : {
      "Text" : "[17;2~",
      "Action" : 10
    },
    "0xf70c-0x20000" : {
      "Text" : "[20;2~",
      "Action" : 10
    },
    "0xf729-0x20000" : {
      "Text" : "[1;2H",
      "Action" : 10
    },
    "0xf72b-0x40000" : {
      "Text" : "[1;5F",
      "Action" : 10
    },
    "0xf705-0x20000" : {
      "Text" : "[1;2Q",
      "Action" : 10
    },
    "0xf703-0x260000" : {
      "Text" : "[1;6C",
      "Action" : 10
    },
    "0xf700-0x220000" : {
      "Text" : "[1;2A",
      "Action" : 10
    },
    "0xf701-0x280000" : {
      "Text" : "0x1b 0x1b 0x5b 0x42",
      "Action" : 11
    },
    "0x38-0x40000" : {
      "Text" : "0x7f",
      "Action" : 11
    },
    "0x33-0x40000" : {
      "Text" : "0x1b",
      "Action" : 11
    },
    "0xf703-0x220000" : {
      "Text" : "[1;2C",
      "Action" : 10
    },
    "0xf701-0x240000" : {
      "Text" : "[1;5B",
      "Action" : 10
    },
    "0xf70d-0x20000" : {
      "Text" : "[21;2~",
      "Action" : 10
    },
    "0xf702-0x260000" : {
      "Text" : "[1;6D",
      "Action" : 10
    },
    "0xf729-0x40000" : {
      "Text" : "[1;5H",
      "Action" : 10
    },
    "0xf706-0x20000" : {
      "Text" : "[1;2R",
      "Action" : 10
    },
    "0x34-0x40000" : {
      "Text" : "0x1c",
      "Action" : 11
    },
    "0xf700-0x280000" : {
      "Text" : "0x1b 0x1b 0x5b 0x41",
      "Action" : 11
    },
    "0x2d-0x40000" : {
      "Text" : "0x1f",
      "Action" : 11
    },
    "0xf70e-0x20000" : {
      "Text" : "[23;2~",
      "Action" : 10
    },
    "0xf702-0x220000" : {
      "Text" : "[1;2D",
      "Action" : 10
    },
    "0xf703-0x280000" : {
      "Text" : "0x1b 0x1b 0x5b 0x43",
      "Action" : 11
    },
    "0xf700-0x240000" : {
      "Text" : "[1;5A",
      "Action" : 10
    },
    "0xf707-0x20000" : {
      "Text" : "[1;2S",
      "Action" : 10
    },
    "0xf70a-0x20000" : {
      "Text" : "[18;2~",
      "Action" : 10
    },
    "0x35-0x40000" : {
      "Text" : "0x1d",
      "Action" : 11
    },
    "0xf70f-0x20000" : {
      "Text" : "[24;2~",
      "Action" : 10
    },
    "0xf703-0x240000" : {
      "Text" : "[1;5C",
      "Action" : 10
    },
    "0xf701-0x260000" : {
      "Text" : "[1;6B",
      "Action" : 10
    },
    "0xf702-0x280000" : {
      "Text" : "0x1b 0x1b 0x5b 0x44",
      "Action" : 11
    },
    "0xf72b-0x20000" : {
      "Text" : "[1;2F",
      "Action" : 10
    },
    "0x36-0x40000" : {
      "Text" : "0x1e",
      "Action" : 11
    },
    "0xf708-0x20000" : {
      "Text" : "[15;2~",
      "Action" : 10
    },
    "0xf701-0x220000" : {
      "Text" : "[1;2B",
      "Action" : 10
    },
    "0xf70b-0x20000" : {
      "Text" : "[19;2~",
      "Action" : 10
    },
    "0xf702-0x240000" : {
      "Text" : "[1;5D",
      "Action" : 10
    },
    "0xf704-0x20000" : {
      "Text" : "[1;2P",
      "Action" : 10
    }
  },
  "Cursor Boost" : 0,
  "Blur Radius" : 30,
  "Window Type" : 0,
  "Background Image Location" : "",
  "Blur" : true,
  "Badge Color" : {
    "Red Component" : 1,
    "Color Space" : "Calibrated",
    "Blue Component" : 0,
    "Alpha Component" : 0.5,
    "Green Component" : 0
  },
  "Scrollback Lines" : 0,
  "Send Code When Idle" : false,
  "Close Sessions On End" : true,
  "Terminal Type" : "xterm-256color",
  "Visual Bell" : true,
  "Flashing Bell" : false,
  "Silence Bell" : false,
  "Unicode Normalization" : 0,
  "Ansi 14 Color" : {
    "Green Component" : 0.76862746477127075,
    "Red Component" : 0.55686277151107788,
    "Blue Component" : 0.23921568691730499
  },
  "Unicode Version" : 9,
  "Name" : "Default",
  "Cursor Text Color" : {
    "Red Component" : 0.24695238471031189,
    "Color Space" : "sRGB",
    "Blue Component" : 0.25908887386322021,
    "Alpha Component" : 1,
    "Green Component" : 0.25494837760925293
  },
  "Shortcut" : "",
  "Cursor Color" : {
    "Red Component" : 0.90233308076858521,
    "Color Space" : "sRGB",
    "Blue Component" : 0.38093042373657227,
    "Alpha Component" : 1,
    "Green Component" : 0.8117707371711731
  },
  "Transparency" : 0.040065643491124257,
  "Ansi 1 Color" : {
    "Green Component" : 0.15686275064945221,
    "Red Component" : 0.7607843279838562,